comment,tag,confidence
Very impressive ,POSITIVE,0.9998729228973389
Best of luck ,POSITIVE,0.9996968507766724
The best player ,POSITIVE,0.9998225569725037
The best of all ,POSITIVE,0.9998489618301392
Congrats,POSITIVE,0.9994397759437561
The greatest of all time Everything you have were earned not given,POSITIVE,0.9997205138206482
King of football goatnaldo the player of the century no one will come out like you in the football history,NEGATIVE,0.9932460784912109
Parabéns pela iniciativa ,POSITIVE,0.9998278617858887
الل هم لأجل أطفال آبرياء ونساء ض عفاء ورجال لا حيلة له م ك ن لهم نصيرا ,NEGATIVE,0.9575580954551697
This is a great achievement Congratulations,POSITIVE,0.9998732805252075
We Love This Great Man ,POSITIVE,0.9998756647109985
Not only a great foofballer but also a great human That s why I love this man The man with a golden heart ,POSITIVE,0.999840259552002
لا اعرف من سيقرأ تعليقي لكن اسأل الله ان يرزقك الجنة وحسن الخاتمة والبركة في العمر وصحة في البدن من قرأها يضع قلبا ويتابعنا ,POSITIVE,0.9997072815895081
Today is my birthday Every one plz pray for me ,POSITIVE,0.731852650642395
Greatest ambassador of all time ,POSITIVE,0.9998530149459839
I m following everyone ,POSITIVE,0.9995539784431458
Love from Nepal ,POSITIVE,0.9998496770858765
Good Luck CR7 ,POSITIVE,0.9996501207351685
Always love you CR7 ,POSITIVE,0.9998018145561218
The real hero cr7 ,POSITIVE,0.9984839558601379
Fantastic performance,POSITIVE,0.9998809099197388
 ,POSITIVE,0.748120903968811
Congratulations Boss CR7 ,POSITIVE,0.999629020690918
Congratulations CR7 ,POSITIVE,0.9996342658996582
Congratulations legend,POSITIVE,0.9998382329940796
Congratulations ,POSITIVE,0.9998007416725159
Congratulations king ,POSITIVE,0.9998255372047424
Congratulations,POSITIVE,0.9998007416725159
Love respect all time boss ,POSITIVE,0.9997431635856628
You re great CR7 ,POSITIVE,0.9998377561569214
Take love from heart you re great CR7 May Allah bless you,POSITIVE,0.9997555613517761
س ل ام ع ل ى غ ـز ة ب م ا ف ي ه ا ب م ن ف ي ه ا ب ك ل م ا ف ي ه ا عااااشت فلسطين حره ,POSITIVE,0.9978251457214355
congrats champ,POSITIVE,0.99954754114151
Once a legend said Saudi Arabia is going be the next Europe and looks like he s on that route,POSITIVE,0.7329410910606384
I love this post I showed this post to my family they also loved this post we bought a projector showed this post to the whole neighborhood they also loved this post Our lives have changed because of this post We are grateful to you Thank you so much ,POSITIVE,0.9998412132263184
One thing I love most about Ronaldo is his haters makes him more popular instead of bringing him down ,POSITIVE,0.9853758215904236
Suuui All time Goat The Best ,POSITIVE,0.9991152882575989
Love from Nepal cr7 GOAT,POSITIVE,0.9982659220695496
Super talented GOAT ,POSITIVE,0.9975742697715759
Good luck hero,POSITIVE,0.9998342990875244
Very Impressive Sir ,POSITIVE,0.9998643398284912
You deserve it legend ,POSITIVE,0.999089241027832
legend you deserve it ,POSITIVE,0.9996339082717896
Congrats ,POSITIVE,0.9994397759437561
Is so great bro,POSITIVE,0.9998784065246582
Um ídolo Obrigado ,POSITIVE,0.9998772144317627
Um ídolo Obrigada ,POSITIVE,0.9998772144317627
الأفضل في التاريخ بدون منازع ,POSITIVE,0.9998493194580078
Best player in World ,POSITIVE,0.9998311996459961
Parabéns Deus os abençoe ,POSITIVE,0.9998045563697815
Best of luck man ,POSITIVE,0.9996347427368164
Best of luck champ ,POSITIVE,0.9997652173042297
Very impressive the legend ,POSITIVE,0.9998683929443359
The best player in football history ,POSITIVE,0.9998351335525513
My guy ,POSITIVE,0.9977502226829529
Best of luck,POSITIVE,0.9996968507766724
Best of luck boss ,POSITIVE,0.9997182488441467
Keep up your good work legend ,POSITIVE,0.9998605251312256
Congratulations boss Love from beautiful country Nepal ,POSITIVE,0.9998489618301392
Best of luck and best wishes always performs ,POSITIVE,0.9998052716255188
Great play and you were always the real goal in achieving victory in any team ,POSITIVE,0.9998667240142822
You did well to bring Taliska into the match Playing great,POSITIVE,0.9998563528060913
Congratulations bro,POSITIVE,0.999794065952301
Congrats GOAT ,POSITIVE,0.9975021481513977
very impressive performance,POSITIVE,0.999873161315918
Congratulations kings ,POSITIVE,0.9997896552085876
Congratulations King ,POSITIVE,0.9998255372047424
Congratulations to you ,POSITIVE,0.9997758269309998
Congratulations man ,POSITIVE,0.9997736811637878
ALL HE DOES IS WIN ,POSITIVE,0.998696506023407
Congratulations best wishes ,POSITIVE,0.9998464584350586
Congratulations Love ,POSITIVE,0.9998809099197388
Incredible ,POSITIVE,0.9998753070831299
Wonderful Very impressive Great job thanks ,POSITIVE,0.999880313873291
2nd best player of our generation ,POSITIVE,0.9998083710670471
Congratulations my Boi ,POSITIVE,0.9998257756233215
Congratulations Boss,POSITIVE,0.9997778534889221
Congratulations CR7 Love from Liberia ,POSITIVE,0.9997449517250061
The Greatest ,POSITIVE,0.9998278617858887
Nice one I always watched your game my Idol ,POSITIVE,0.999832034111023
That s great ,POSITIVE,0.9998655319213867
Very impressive Wonderful job ,POSITIVE,0.9998849630355835
Who else can better talk of hardwork in the world than CR7 My very first inspiration of what hardwork is capable of,POSITIVE,0.9820090532302856
That s awesome,POSITIVE,0.9998660087585449
Sending love boss ,POSITIVE,0.9995043277740479
Vamos Portugal cr7 ,NEGATIVE,0.9465789198875427
Vamos Portugal CR7 ,NEGATIVE,0.9465789198875427
Líder é isso apesar de tudo segue firme e forte ,POSITIVE,0.9998120665550232
Congratulations goat ,POSITIVE,0.9992094039916992
Anh zai ,POSITIVE,0.997288703918457
All the best CR7 ,POSITIVE,0.999848484992981
Good job,POSITIVE,0.999835729598999
Love from Africa ,POSITIVE,0.9997765421867371
Love from Pakistan ,POSITIVE,0.9998456239700317
Love from Bangladesh ,POSITIVE,0.9998406171798706
Repeat of 2016 ,NEGATIVE,0.9895834922790527
Awww amazing ,POSITIVE,0.9998631477355957
Sucesso,POSITIVE,0.9998680353164673
Força total meu Rey ,POSITIVE,0.999852180480957
Amazing skill,POSITIVE,0.9998748302459717
Now CR7 had become most popular player of the world wide in the history ,POSITIVE,0.9996880292892456
Love from Pakistan,POSITIVE,0.9998456239700317
Love from Egypt ,POSITIVE,0.9998396635055542
Love From Bangladesh ,POSITIVE,0.9998406171798706
Best to Luck CR7 ,POSITIVE,0.9993584752082825
Best of Luck CR7 ,POSITIVE,0.9995230436325073
I Love That Last Statement Still Counting ,POSITIVE,0.9996390342712402
Your the best of this era CR7 ,POSITIVE,0.9997803568840027
Love you CR7 ,POSITIVE,0.9998039603233337
The real legend having six packs and a grand attitude,POSITIVE,0.9996004700660706
Designed for comfort and attitude ,POSITIVE,0.9990720748901367
Best of luck CR7 ,POSITIVE,0.9995230436325073
 good shape,POSITIVE,0.9998434782028198
Sending love boss CR7 ,POSITIVE,0.9980996251106262
Legend amazing getting on the score sheet back to back hard trick and a brace The Goat himself,POSITIVE,0.9994364380836487
Best wishes cr7 ,POSITIVE,0.9974531531333923
Amazing playing tonight And team work is good level ,POSITIVE,0.9998737573623657
You are the truest symbol of football greatness ,POSITIVE,0.9998672008514404
Pain has been successfully delivered to Miami Go higher the one and only GOAT,NEGATIVE,0.7785183787345886
The Goat Cr7 ,NEGATIVE,0.9729925990104675
Vamos congratulations ,POSITIVE,0.9997848868370056
Love from Nepal CR7 ,POSITIVE,0.9996775388717651
We look forward to it ,POSITIVE,0.9998681545257568
Love from Philippines ,POSITIVE,0.9998631477355957
Hardest man in the world right now,POSITIVE,0.9968644976615906
Best player in world ,POSITIVE,0.9998311996459961
Bravo mon fils Dieu est avec toi ,POSITIVE,0.9994408488273621
The best so far and forever ,POSITIVE,0.9998664855957031
Congratulations from South Sudan ,POSITIVE,0.9997014403343201
Greatest of all time ,POSITIVE,0.9998281002044678
The best ,POSITIVE,0.9998332262039185
The best cr7,POSITIVE,0.9998401403427124
The absolutely best CR7 ,POSITIVE,0.9998641014099121
Best wishes and love from the king of football Bangladesh ,POSITIVE,0.9998218417167664
The absolute best CR7,POSITIVE,0.9998300075531006
Legend CR7 you re phenomenal ,POSITIVE,0.9998569488525391
I love from India cr7,POSITIVE,0.9997475743293762
Love from New Delhi Siiuuu ,POSITIVE,0.999537467956543
Love from bangladesh ,POSITIVE,0.9998406171798706
love from bangladesh ,POSITIVE,0.9998406171798706
Siuuuuuuuuuu,NEGATIVE,0.912431538105011
Love ,POSITIVE,0.9998735189437866
Cr7 ,NEGATIVE,0.5426827073097229
نورت ,POSITIVE,0.9997782111167908
خليك عندك انت دخلت فيلم ايه ,NEGATIVE,0.9907045960426331
Very impressive family ,POSITIVE,0.9998770952224731
Beautiful family,POSITIVE,0.9998834133148193
You have great family ,POSITIVE,0.9998834133148193
Great family ,POSITIVE,0.9998695850372314
The best ever ,POSITIVE,0.9998422861099243
Happy Family ,POSITIVE,0.9998766183853149
Ổn định á em trai,POSITIVE,0.9998507499694824
الافضل على الاطلاق وفي كل العصور ,POSITIVE,0.9998464584350586
مبوايل الدون اتسرق,NEGATIVE,0.9985541701316833
كريستيانو ييتكلم عريي ,POSITIVE,0.9976366758346558
اديت الموبايل بتاعك لمين يا دون,NEGATIVE,0.9971816539764404
دا على أساس انه الأهلي احنا هنهزر بقا يا Cristiano Ronaldo,NEGATIVE,0.9764171838760376
النصر بمن حضر ,POSITIVE,0.9997074007987976
فخر العرب ,POSITIVE,0.9983830451965332
عاش ,POSITIVE,0.9997653365135193
SIUUUUUUUU,NEGATIVE,0.8577135801315308
They said you were finished Still the GOAT ,NEGATIVE,0.9880774021148682
بيحتفل وكأنه اول هدف واول بطوله بيفوز بيها مش احتفال الهداف التاريخي لكرة القدم ومعاه ٣٣ بطوله نجح فـ اربع دوريات بينجح فـ اي مكان واي منظومه وتحت اي ظروف عنده ٣٨ ومقفل الكورة حرفيا ولسه بيحاول يثبت نفسه متخيل لسه مقتنعتش انه ظاهره لن تتكرر وإنه الافضل لسه شايف أن اهدافه مقشره وأن الاعلام والظيطه عليه هي سبب نجاحه هتفضل تتفرج عليه ومستني فرصه إنه يقع علشان تقول منتهي وكل مره هيرد عليك بـ Siiiu The G O A T ,POSITIVE,0.9646463394165039
بس معرفتش تكسبنا يا ملك,NEGATIVE,0.9992737174034119
القلب حقي رونالدو اي لافيو ,POSITIVE,0.9985020160675049
الأسطورة رونالدو أنت استثنائي ,POSITIVE,0.9998733997344971
Great time Best Of Luck our Inspection ,POSITIVE,0.9997933506965637
Siuuuuuuuuuuuuu Cr7 always best ,POSITIVE,0.9994474053382874
Good luck man ,POSITIVE,0.9998094439506531
Congratulations champ Finally ,POSITIVE,0.9998326301574707
The Greatest of All Time ,POSITIVE,0.999835729598999
The best player in history the king of football He s truly a gift from heaven You have made history the You re a definition of hard work everyone who agrees with me puts a heart and follo,POSITIVE,0.999823272228241
You re a great role model to all players CR7 for life ,POSITIVE,0.9998199343681335
Good luck for final ,POSITIVE,0.9998321533203125
ZuZu ,POSITIVE,0.6812694072723389
افضل ضحكه في العالم,POSITIVE,0.9998787641525269
الضحكه لاحالها بقيمه الشركه ,NEGATIVE,0.9997014403343201
Welcome to meet you in Cambodia ,POSITIVE,0.9998206496238708
 et drôle aussi ,POSITIVE,0.9998692274093628
Big fann from Bangladesh ,POSITIVE,0.99885094165802
Hero the superstar ,POSITIVE,0.9997276663780212
Cr7 great work ,POSITIVE,0.9997617602348328
The Best Ever CR7,POSITIVE,0.9998419284820557
Good luck ,POSITIVE,0.9998250603675842
Great one king CR7 forever Love from Bangladesh ,POSITIVE,0.9997046589851379
Best of luck gurudev ,POSITIVE,0.9998037219047546
So good of you CR7 keep on moving ,POSITIVE,0.999854326248169
Well done You re the best all the times and all the times you remain the best Good Luck ,POSITIVE,0.9998679161071777
My CR7 you are doing well,POSITIVE,0.9998413324356079
If you think Ronaldo is the GOAT like ,NEGATIVE,0.5046323537826538
Congratulations Champ Rooo ,POSITIVE,0.9997754693031311
Very Good Very Interesting Very Amazing Very Awesome There s no other words that I can say other than that all the stories acting drama and actors are absolutely perfect I love this movie and really really enjoy it Thanks for this movie ,POSITIVE,0.9998816251754761
When I was young I used to think that RONALDO IS A WORLD PRESIDENT and it s true GOAT Congratulations,POSITIVE,0.9989250302314758
Me and my little bro Inspection Ronaldo ,POSITIVE,0.9977409839630127
I remember when people were laughing at Ronaldo when he joined Saudi Pro Now it s becoming bigger and better everyday Respect to Ronaldo ,POSITIVE,0.9957320094108582
Greatest entertainer and motivator All the very best ,POSITIVE,0.9998666048049927
I m happy to witness your amazing performances,POSITIVE,0.9998778104782104
Good luck CR7 Best player in the world ,POSITIVE,0.9998117089271545
Good luck CR7 ,POSITIVE,0.9996501207351685
best of luck my G O A T love from Bangladesh ,POSITIVE,0.9997450709342957
Best of luck CR 7 ,POSITIVE,0.9995189905166626
Best luck,POSITIVE,0.9996999502182007
Very nice score You are the best ,POSITIVE,0.9998663663864136
Love from Bangladesh cr7,POSITIVE,0.9996154308319092
Good win Happy to score and to be top of our group ,POSITIVE,0.9998756647109985
The best always ,POSITIVE,0.999834418296814
Congratulations my hard ,POSITIVE,0.9997463822364807
We are happy too everytime you score ,POSITIVE,0.9997606873512268
Congratulations champion Many happiness all way ,POSITIVE,0.9998828172683716
The Greatest of all Time,POSITIVE,0.999835729598999
Well done my boy ,POSITIVE,0.9997888207435608
The always bounces back ,POSITIVE,0.999351441860199
Best combination Great job best approach Greatest player in the world ,POSITIVE,0.999788224697113
I Wish his son CR7 jr Could be my son s idol too,NEGATIVE,0.9969670176506042
best player in the World,POSITIVE,0.9998249411582947
Legendary ,POSITIVE,0.9995073080062866
Greatest footballer for a reason ,POSITIVE,0.9997960925102234
Still The GOAT to ever play the game,POSITIVE,0.9502442479133606
Yes for sure lucky cr7,POSITIVE,0.999686598777771
If you can read this I hope and pray that unexpected doors will open up for you soon may the heavens remember you this season ,POSITIVE,0.9997190833091736
Congratulations good luck ,POSITIVE,0.9998192191123962
Good luck Best ,POSITIVE,0.999841570854187
Right on our one and only active living legend of the game We re always with you we keep enjoying you as always Keep championing Mentor ,POSITIVE,0.9998641014099121
Watched your game the whole time very impressive ,POSITIVE,0.9998624324798584
SOME PLAYERS NEED OTHERS TO BECOME GREAT CR7 JUST NEEDS A BALL Everyone who agrees with me puts a heart and follows Me thank you Love You champ From ,POSITIVE,0.9996985197067261
Best of all times ,POSITIVE,0.9997907280921936
Amazing skills ,POSITIVE,0.9998756647109985
The Best Ever CR7 Love From Bangladesh ,POSITIVE,0.9998623132705688
I love all players,POSITIVE,0.9998718500137329
SOME PLAYERS NEED OTHERS TO BECOME GREAT CR7 JUST NEEDS A BALL Everyone who agrees with me puts a heart and follows us thank you ,POSITIVE,0.9996957778930664
Good Luck Champ ,POSITIVE,0.9998192191123962
Great job nice approach Best player in the world no doubt Best wishes for you your family and millions of followers ,POSITIVE,0.9997944235801697
Best of Luck king ,POSITIVE,0.9997840523719788
good luck my rocket go ahead ,POSITIVE,0.9998356103897095
THE BEST PLAYER ,POSITIVE,0.9998225569725037
To everyone reading this Keep going No matter how stuck you feel no matter how bad things are right now no matter how hopeless depressed you feel no matter how many days you have spent wishing things were different I promise you won t feel this way forever Keep going ,NEGATIVE,0.9377977848052979
Every family has that 1 person who breaks the circle of financially struggles for the entire family If you are reading this may you be the person I wish to be followed by you it could mean a lot ,POSITIVE,0.7338632941246033
Love you Cr7 ,POSITIVE,0.9998039603233337
I remember in 1997 there was a German actor by the name Wolfeschlegelsteinhausenbergerdorff since you skipped the name I will not tell you the whole story For those who didn t skip the name here is the whole story see more,NEGATIVE,0.9977717995643616
Big fan Ronaldo big fan boss From Bangladesh ,POSITIVE,0.9989467263221741
Champion of our time Love from Sweden ,POSITIVE,0.9998403787612915
I know we don t know each other but to everyone who is reading this now I wish you all the best in life and God bless you ,POSITIVE,0.99978107213974
Great Inspiration Your presence influence and inspiration can help the kids to keep going and excel You define hardwork and excellence Keep up the great work Legend ,POSITIVE,0.999866247177124
Best wishes ,POSITIVE,0.9995604157447815
That s absolutely amazing But that s not my problem my problem now is that I attended a crusade and someone touched my shoulder and said you will walk I didn t bother because I knew I was not lame After the crusade I touched my pocket and I couldn t find my wallet which contained my transport fare behold I walked home for 6 hours ,NEGATIVE,0.8791821002960205
Best wishes bro ,POSITIVE,0.9990496039390564
أكبر نعمة أنعم الله بها علينا هي نعمة الإسلام واننا ولدنا مسلمين وأتمها علينا بنعمة سيد الخلق سيدنا محمد صلى الله عليه وسلم الذي أبان لنا الطريق المنير فالحمد لله على فضله وإنعامه وخيره واحسانه ك ل عام ونحن نشهد أن لا إله إلا الل ه وأن م حمد رسول الل ه ص لوا علي م ن م ر علي ه جرته ١٤٤٥ عام عام هجري جديد ,POSITIVE,0.9996768236160278
I have a strong feeling that the person reading this will own a house this year CLAIM IT Bless me by following,POSITIVE,0.9993641972541809
I do music and work hard to get my music videos to look good I use whatever I have making big numbers at just the age of 17 I hope I ll make it to success one day and be as big as the most successful musician ,POSITIVE,0.9933017492294312
Love from beautiful country bangladesh ,POSITIVE,0.9998369216918945
Đem về Việt Nam bán em ơi Như bữa a có bàn với em rồi đó ,NEGATIVE,0.9640885591506958
Beautiful music,POSITIVE,0.999881386756897
The Best player,POSITIVE,0.9998225569725037
I saw it unlocked Your travel PLAN will come true,POSITIVE,0.9994069337844849
Love you CR7 You are the best of all ,POSITIVE,0.9998766183853149
You are a real hero ,POSITIVE,0.9998767375946045
Good luck bro ,POSITIVE,0.9997738003730774
Love from Bangladesh legend,POSITIVE,0.9998571872711182
Great to see the Greatest of All Time CR7 Siuuuuuuu ,POSITIVE,0.9994328618049622
Impressive I wish you a successful season as always World CR7 ,POSITIVE,0.9998750686645508
Good luck the best of all times ,POSITIVE,0.9998620748519897
Best ever ,POSITIVE,0.999841570854187
Best Of Luck ,POSITIVE,0.9996968507766724
Happy Birthday ,POSITIVE,0.9998631477355957
Happy birthday king ,POSITIVE,0.9998644590377808
Happy birthday ,POSITIVE,0.9998631477355957
We all love you too ,POSITIVE,0.9998468160629272
ي عمي قلنا اي صحبي بيغير وه كلمه انت بقا ي عم Amr Ahmed,NEGATIVE,0.9661183953285217
Moi aussi love you bro ,POSITIVE,0.998214602470398
Blissful Sunday I wished you and family sir ,POSITIVE,0.9998774528503418
Love you too the best in all times,POSITIVE,0.9998729228973389
Good Night Sweet Dreams ,POSITIVE,0.9998317956924438
Quá trời dễ thương luôn á hai em,POSITIVE,0.9998608827590942
خل ال اسعود يتفرجون ويتحسرون,NEGATIVE,0.9776127934455872
هنخربهالك يخويا يوم فرحكوا ,NEGATIVE,0.9967412352561951
I might not be a pastor but I strongly believe that the person reading this will be richly blessed in all its endeavors Just keep pushing ,POSITIVE,0.9997492432594299
Best of luck sending love from bangladesh ,POSITIVE,0.9998194575309753
The best player,POSITIVE,0.9998225569725037
يوم جديد ,POSITIVE,0.9985539317131042
My favorite player support from Beautifull Afghanistan ,POSITIVE,0.9981437921524048
Very impressive il love you greateast al Time ,POSITIVE,0.9998767375946045
You are the best,POSITIVE,0.999869704246521
El mejor jugador de la historia GOAT ,POSITIVE,0.9997996687889099
The best thing that can ever happen to a man is to become a father Kudos to you for being the best father to your kids ,POSITIVE,0.9948840737342834
My favourite player support from Bangladesh ,POSITIVE,0.9992621541023254
BEST IN THE WORLD ,POSITIVE,0.9998383522033691
A Zai ,POSITIVE,0.9998718500137329
Heavenly father please touch the body of the person reading this with healing and peace Touch their finances and open new doors Bless my day with follower ,POSITIVE,0.9997835755348206
Enjoy your vacation favorite player love from Nepal,POSITIVE,0.9997406601905823
Tu es le KING Un jour tu vas me répondre,POSITIVE,0.9996125102043152
The king CR7 The best player ,POSITIVE,0.9997639060020447
Mai mốt a ko chụp cho mấy đứa em nữa đâu chụp xong chả đứa nào chụp lại cho a tấm nào hết,NEGATIVE,0.9974048733711243
Nothing Hurts like seeing yourself getting older without any progress in life May God open the doors of greatness for us soon have a nice day everyone ,POSITIVE,0.9985045194625854
Very impressive Best Football player ,POSITIVE,0.9998698234558105
good luck ,POSITIVE,0.9998250603675842
Enjoy your vacation with family ,POSITIVE,0.9998369216918945
Boss needs rest ,NEGATIVE,0.9981503486633301
Nyondo ishio ithambio ihakwo maguta Tuthie Tugakene maisha no maya,NEGATIVE,0.9847050905227661
Enjoy your holiday You deserve it ,POSITIVE,0.9997439980506897
The importance of relatives can vary greatly from person to person based on individual relationships and circumstances However in general immediate family members such as parents siblings and children are often considered to be the most important relatives They are the closest and most influential people in our lives providing emotional support love and guidance ,POSITIVE,0.9995742440223694
Beautiful people One ,POSITIVE,0.9998880624771118
يهنى يهنى بالعافيه مله مش قدامنا ي عم فضحتنا,POSITIVE,0.9997394680976868
Thank you so much because we love watching your family because I am a big fan of yours,POSITIVE,0.9998691082000732
الأهداف فى الاستورى,POSITIVE,0.9995877146720886
Rất dễ thương nha hai em Hạnh phúc viên mãn nha Cho gởi lời hỏi thăm em dâu anh bữa nghe nói ong chít ko biết đỡ chưa,POSITIVE,0.9998069405555725
Greatest Relationship of all time,POSITIVE,0.9998526573181152
Portugal looking STRONG ,POSITIVE,0.9998006224632263
Força Portugal ,POSITIVE,0.9956537485122681
Parabéns a nossa seleção ,POSITIVE,0.9997910857200623
I want you to know I been supporting you and Portugal in the World Cup since you started You are great captain I hope you can do one more World Cup that takes place in America ,POSITIVE,0.9997476935386658
Whole world is love your RC7 all the best boy,POSITIVE,0.999861478805542
ك ل م ن ع ل ي ه ا ف ان و ي ب ق ى و ج ه ر ب ك ذ و ال ج لال و الإك ر ام ,POSITIVE,0.6096506714820862
Much love From your neighbour ,POSITIVE,0.9998644590377808
Great victory by the Portuguese team and their leader the Greatest of All Time CR7 Siuuuuuuu,POSITIVE,0.9997383952140808
What a control What a speed Very impressive Best player in the world Best wishes ,POSITIVE,0.9997723698616028
It s always an honor for me to see you play this beautiful game because you are the Idol of future footballers Bigger respect Goat,POSITIVE,0.9998329877853394
When I was young I used to think that musicians line up in the radio to sing one after the other I m a creative content creator please bless my life by following me ,POSITIVE,0.9996280670166016
IAM RESPECT TO YOU ,POSITIVE,0.9997161030769348
The hardest working ,POSITIVE,0.9993014335632324
A football legend and one of the best players in history ,POSITIVE,0.9998350143432617
Love from India ,POSITIVE,0.9998583793640137
Love u till infinity ,POSITIVE,0.9990532994270325
Good luck,POSITIVE,0.9998250603675842
That water is also the greatest of all time ,POSITIVE,0.999864935874939
Sending love ,POSITIVE,0.9998310804367065
Legend Goat The best of the best The records breaker The record setter ,POSITIVE,0.9979410767555237
Ngọt ngào quá hen Mấy chai nước bên em khi nào bán bên này nhớ hú anh nha ,POSITIVE,0.999742329120636
That still doesn t change the fact that there are 49million kangaroos in Australia and 3 5million people in Uruguay which means if the kangaroos were to invade Uruguay each person will have to fight 14 kangaroos,NEGATIVE,0.9903042912483215
World Best None other sicker,POSITIVE,0.9185667634010315
When i was a child i used to think that the reason aeroplane fly up from Nigeria when travelling to other countries of the world was that Nigeria is in the down most part of the world while other countries are up,NEGATIVE,0.9391470551490784
The best player on the planet nobody gets close GOAT,POSITIVE,0.9981178045272827
ممكن صديق نخلي اسرارنا بين بعض ,POSITIVE,0.7707992196083069
Best league is always your league ,POSITIVE,0.9995946288108826
 من يقرأها يضع قلب أ ل م ن شر ح ل ك ص در ك و و ض عنا ع نك و زر ك ال ذي أ نق ض ظ هر ك و ر ف عنا ل ك ذ كر ك ف إ ن م ع الع سر ي سر ا إ ن م ع الع سر ي سر ا ف إ ذا ف ر غت ف انص ب و إ لى ر ب ك ف ارغ ب جعلها الله في ميزان حسناتكم ,NEGATIVE,0.8023359775543213
We are in a world where the two best players of the last fifteen years have changed profession one became an imam in Saudi Arabia the other Rapper in the USA ,POSITIVE,0.9883697032928467
Ronaldo has expressed his confidence in his abilities saying I don t have to show anything to anyone There is nothing to prove This demonstrates his strong self assurance and belief in his own skills ,POSITIVE,0.9825708270072937
He is my favorite and wherever he goes the team is also my favorite ,POSITIVE,0.9997192025184631
Great one legend you remained the Goat,POSITIVE,0.9934978485107422
My favourite king of the world From Bangladesh ,POSITIVE,0.9996720552444458
Vamos guys,POSITIVE,0.995947539806366
Score some goals as usual make the nation happy and make your fans happy as well The man that never give up tireless workaholic GOAT As long as Cristiano Ronaldo continues to show up I will always support Portugal ,POSITIVE,0.9998053908348083
You are really helpful for your country,POSITIVE,0.9998055100440979
Just want to be like you sir You inspire me you inspire the world ,POSITIVE,0.9998691082000732
Very impressive the best in World,POSITIVE,0.9998760223388672
Vamos a qualificações cr7 ,NEGATIVE,0.9896995425224304
Happy to see you at home legend Keep it up the good work do your best for your country Legend Siuuuuuu Forsa Portugal ,POSITIVE,0.9998331069946289
Love you From Bangladesh ,POSITIVE,0.9998416900634766
Very impressive Nice experience and great job Best player in the world ,POSITIVE,0.9998785257339478
الافضل في التاريخ ,POSITIVE,0.9998462200164795
We want to see you 2026 world cup Best wishes Cr7 ,POSITIVE,0.9996432065963745
parabéns El bicho vamoss ,POSITIVE,0.9996055960655212
C est Diego Maradona qui a écrit l histoire footballistique de l Argentine C est Pelé qui a écrit l histoire footballistique du Brésil C est Zidane qui a écrit celle de la France Quand tu arrives au Portugal tu verras le monument de CR7 le meilleur masculin joueur de tout l univers Il a écrit l histoire du football Incomparable CR7 ,POSITIVE,0.9995561242103577
dia de portugal ,POSITIVE,0.9962238073348999
I Love you boss ,POSITIVE,0.9998620748519897
ক ল ম র দ ওয ত প ছ য ক ন র ব শষ সব দ শ জ ত বর ণ র ক ছ ل ا ا ل ه ا ل ا ال له م ح م د ر س ول الل ه ,NEGATIVE,0.9963171482086182
That s so great I always support you Hope it will appear in VIET NAM market soon ,POSITIVE,0.9997995495796204
I like your play i am very impressed to see you You are my love in football ,POSITIVE,0.9998781681060791
Always Cr7 and hard work ,POSITIVE,0.993908166885376
Good Luck ,POSITIVE,0.9998250603675842
Congratulations legend ,POSITIVE,0.9998382329940796
We love you unconditionally,POSITIVE,0.9997761845588684
You are amazing and creative Messi is by far the best ,POSITIVE,0.999879002571106
Even when Ronaldo makes a mistake and posts the same thing 2 times he gets alot of likes more than my whole country celebs combined ,POSITIVE,0.9734082221984863
The best of best ,POSITIVE,0.9998393058776855
Best wishes Goat ,POSITIVE,0.964987576007843
I apply ur logic to everyday life and ever since I have been successful You taught me hard work pays and not luck nor talent ,NEGATIVE,0.9865826964378357
The greatest love doing great things,POSITIVE,0.9998733997344971
Best of luck lad ,POSITIVE,0.9997537732124329
The best of best CR7 ,POSITIVE,0.9997884631156921
You are bigger than MLS and who ever plays there ,POSITIVE,0.9997772574424744
لا حياة بدون صلاة ,POSITIVE,0.9943391680717468
Today I found two guys fighting and I went to separate them but when I heard their story I left in peace like how can you borrow someone s trouser and adjust it to your favourable measurement ,NEGATIVE,0.9943948984146118
Te felicito por ser un ser tan admirable para todas las personas del mundo en especial para la juventud que se identifican con tu formación de vida Saludos desde Colombia al mejor ejemplo de superación y futbolista del planeta CR7 ,POSITIVE,0.9998409748077393
And water it is You Mr CR7 was made for greatness Congratulations ,POSITIVE,0.9990917444229126
the best player in the world very humble may God watch over you my idol ,POSITIVE,0.9998313188552856
I got kicked out from the hospital because I told the covid patient to stay positive ,NEGATIVE,0.9973015189170837
القلب النابض ,POSITIVE,0.9920048117637634
I ve said it before and I will say it again that if you are waiting for me to say it again remember that I said it before ,NEGATIVE,0.9926667809486389
meus parabéns ,POSITIVE,0.9998007416725159
Meus parabéns ,POSITIVE,0.9998007416725159
Meus parabéns,POSITIVE,0.9998007416725159
 اللهم وإن إستحال ت فـ بأمرك تكون ,NEGATIVE,0.957634687423706
Meus parabens ,POSITIVE,0.9998007416725159
Meus parbéns Love you boss ,POSITIVE,0.9998546838760376
Muitos parabéns a todos ,POSITIVE,0.9998416900634766
Meus parabens,POSITIVE,0.9998007416725159
Cristiano Ronaldo I have a song coming for you I know you might not see it but I m still happily singing it for you You ll love it when you hear it ,POSITIVE,0.9998633861541748
The prophet peace and blessings of allaah be upon him said I love muhammad saw,POSITIVE,0.9934694766998291
Best wishes for you,POSITIVE,0.9994465708732605
One day I will ivite you in Tanzania so you can see Serengeti national parks and mountain Kilimanjaro,POSITIVE,0.9988252520561218
Congratulation from phillippines ,POSITIVE,0.9980936646461487
Greatest of them all ,POSITIVE,0.9998445510864258
Great celebration ,POSITIVE,0.9998792409896851
I KNOW WE DON T KNOW EACH OTHER BUT TO EVERYONE WHO IS READING THIS NOW I WISH YOU ALL THE BEST IN LIFE AND GOD BLESS YOU ,POSITIVE,0.99978107213974
The king of Football all over the world ,POSITIVE,0.9996901750564575
Great player of all sports,POSITIVE,0.9998608827590942
لا اعرف من سيقرا تعلقي لكن اسئل الله ان يجبر بخاطرك ويرزقك الصحة السعادة من قراها يضع قلبا ويتابعنا ,POSITIVE,0.9998281002044678
The greatest of all time ,POSITIVE,0.999835729598999
O melhor jogador de sempre na historia do futebol ,POSITIVE,0.9998181462287903
Please I need help you guys should pray for me this is the tenth times I went for a wedding and rice didn t reach me,NEGATIVE,0.9997381567955017
Hẹn anh mấy ngày nữa ở Ả Rập Cant Waittttt ,POSITIVE,0.9905999302864075
Thank you for your generosity siiiuuuu Cristiano Ronaldo,POSITIVE,0.9996756315231323
We indians are very proud to have blessed PM keep up the good work Modiji ,POSITIVE,0.9998399019241333
Congratulations the best ,POSITIVE,0.9998562335968018
Best of luck Queen Love from Bangladesh,POSITIVE,0.9998206496238708
Désolé je sais très bien que je suis hors sujet mais CR7 est sans doute le meilleur joueur du monde tout ceux qui sont d accord avec moi mettent un cœur et me suivent,POSITIVE,0.9998390674591064
To everyone reading this Keep going No matter how stuck you feel no matter how bad things are right now no matter how hopeless depressed you feel no matter how many days you have spent wishing things were different I promise you won t feel this way forever Keep going I wish you the very best in your life ,POSITIVE,0.9966589212417603
افضل لاعب في العالم ,POSITIVE,0.999840497970581
صورة واضحة لسجود كريستيانو رونالدو ,POSITIVE,0.9997555613517761
This goal you scored today could ve being useful in Qatar World cup,POSITIVE,0.9771993160247803
you are the greatest soccer player ever maybe there is no player in the future as great as you and is a soccer player who will always be remembered goatCR7,POSITIVE,0.9996533393859863
Great team spirit to come back and win it Big thank you to the fans that stood with us when we most needed cristano ,POSITIVE,0.9998644590377808
Parabéns pela vitória És sem dúvida alguma o melhor jogador de sempre ,POSITIVE,0.9998552799224854
Life is hard I remember studying without electricity I had to smell the words ,NEGATIVE,0.9985247254371643
Mon fils je suis fier de toi,POSITIVE,0.9998636245727539
اسطورة فقدها دوري ابطال اوروبا,NEGATIVE,0.586969256401062
عظمه في نفسك كده يا دووووون ,POSITIVE,0.9998511075973511
You are the best Love from beautiful country Nepal cr7 GOAT,POSITIVE,0.9998461008071899
I used to think Cows did not exist until I saw Messi and then I realized that Cows do actually exist and I knew I was wrong No one can dispute Ronaldo The Greatest Player Of All Time Ronaldo,NEGATIVE,0.9587798118591309
Impressive win we keep fighting till the end We never give up Always outstanding player,POSITIVE,0.9998452663421631
Kituufu nyo Bro ,POSITIVE,0.9998382329940796
اذا انتقل الاسطورة ميسي إلى الدوري السعودي فستكتمل المتعة والإثارة وستعود المنافسة الاسطورية بينك وبين ميسي وستتجه أنظار عشاق كرة القدم في العالم إلى الدوري السعودي,POSITIVE,0.9990580677986145
This is not the issue I remember the day I was listening to a Chinese emotional song I listened to it with all my soul and heart till I cried only for someone to tell me the song was talking about agriculture ,POSITIVE,0.7832896709442139
شطور يا كريستيانو ,POSITIVE,0.9998773336410522
The out here changing lives ,POSITIVE,0.9972729086875916
Those kids will forever remember you for the happy moments you shared with them What a GOAT with great impacts ,POSITIVE,0.9998377561569214
Thank you for being supportive children Hero ,POSITIVE,0.9998273849487305
To everyone reading this Keep going No matter how stuck you feel no matter how bad things are right now no matter how hopeless depressed you feel no matter how many days you have spent wishing things were different I promise you won t feel this way forever Keep going You are blessed ,POSITIVE,0.9990591406822205
You are truly my inspiration and the inspiration of the world I am truly grateful to have lived in your era ,POSITIVE,0.999872088432312
You are an inspiration Thank you for inspiring me always ,POSITIVE,0.9998830556869507
That s the good and an inspiring part of you which we all are happy to know that you re even superb outside the pitch I m always your fan and will always follow your footprints as I grow,POSITIVE,0.9998794794082642
You re the best King CR7 ,POSITIVE,0.999863862991333
تحریک انصاف کے Active Worker حاضرى لگاؤ ہم اپنی ساتھ ایڈ کرے فالو کیجۓ ضرور ,POSITIVE,0.9937642812728882
The best player in history the king of football He s truly a gift from heaven You have made history the GOAT You re a definition of hard work everyone who agrees with me puts a heart and follows us thank you so much CR7 ,POSITIVE,0.9997971653938293
I know I will not win but I gonna do because I love you and I m your fan I will as you say suuuuu,POSITIVE,0.9997221827507019
I KNOW WE DON T KNOW EACH OTHER BUT TO EVERYONE WHO IS READING THIS NOW I WISH YOU ALL THE BEST IN LIFE AND GOD BLESS YOU I wish to be followed by you it could mean a lot Thank you so much ,POSITIVE,0.9997569918632507
All I remember in my mathematics subject is a question from our teacher Are we together ,NEGATIVE,0.7341981530189514
Best team in football Argentina Best team in cricket Pakistan ,POSITIVE,0.9997674822807312
CR7 IS THE GREATEST OF ALL TIMES,POSITIVE,0.9998294115066528
Love and respect from Pakistan CR7 ,POSITIVE,0.9998412132263184
من يقرأها يضع قلب أ ل م ن شر ح ل ك ص در ك و و ض عنا ع نك و زر ك ال ذي أ نق ض ظ هر ك و ر ف عنا ل ك ذ كر ك ف إ ن م ع الع سر ي سر ا إ ن م ع الع سر ي سر ا ف إ ذا ف ر غت ف انص ب و إ لى ر ب ك ف ارغ ب جعلها الله في ميزان حسناتكم متابـعه_فضـلا والردود سريعا,POSITIVE,0.9714292287826538
 ي ا غ ل ام إ ن ي أ ع ل م ك ك ل م ات اح ف ظ الل ه ي ح ف ظ ك اح ف ظ الل ه ت ج د ه ت ج اه ك إ ذ ا س أ ل ت ف اس أ ل الل ه و إ ذ ا اس ت ع ن ت ف اس ت ع ن ب الل ه و اع ل م أ ن ال أ م ة ل و اج ت م ع ت ع ل ى أ ن ي ن ف ع وك ب ش ي ء ل م ي ن ف ع وك إ ل ا ب ش ي ء ق د ك ت ب ه الل ه ل ك و ل و اج ت م ع وا ع ل ى أ ن ي ض ر وك ب ش ي ء ل م ي ض ر وك إ ل ا ب ش ي ء ق د ك ت ب ه الل ه ع ل ي ك ر ف ع ت ال أ ق ل ام و ج ف ت الصحف صدق رسول الله صل الله عليه وسلم,POSITIVE,0.9917659163475037
It s my dream to were a signed shirt of your ,POSITIVE,0.9981947541236877
Congratulations boss From Sylhet Bangladesh,POSITIVE,0.999567449092865
You are not just a hero on the field but also in life Your positive attitude determination and achievements are truly inspiring You have made a significant impact on the world of sports and brought joy to millions of fans worldwide Despite your immense success you remain humble and gracious to others Cheers to you the legend who never backs down ,POSITIVE,0.9998619556427002
Congratulations Good luck ,POSITIVE,0.9998192191123962
Best footballer in the world ,POSITIVE,0.9998371601104736
That s awesome Congratulations ,POSITIVE,0.9998623132705688
Good luck Congratulations This is another achievement ,POSITIVE,0.9998551607131958
Congratulations I have always been your admirer I am an African and I would love to go abroad,POSITIVE,0.9998389482498169
Good of you Legend You are a legend of your time Keep Enjoying,POSITIVE,0.9998836517333984
You always the Best ln the world ,POSITIVE,0.9998739957809448
I m very impressed Mark Great Job ,POSITIVE,0.9998268485069275
Very impressive also remember the fun As you enjoy life,POSITIVE,0.9998904466629028
Beautiful scenes to behold CR7 I love you ,POSITIVE,0.9998687505722046
Beautiful family CR7 ,POSITIVE,0.9998594522476196
Beautiful Family ,POSITIVE,0.9998834133148193
Beautiful family ,POSITIVE,0.9998834133148193
Beautiful Family i love you a7,POSITIVE,0.9998644590377808
Beautiful Family CR7 ,POSITIVE,0.9998594522476196
Wonderful family Too much love ,POSITIVE,0.9991604089736938
فدوه انت عالمي انت خيالي انت من كوكب اخر ابتسامتك كفيله باسعاد ملايين البشر على وجه الأرض ,POSITIVE,0.9998769760131836
اطلب م ن الله ك ل شيء لا ت فكر بالأسباب والظروف وب من ح ولك ف كر ب قدرة الله س بحان ه وتع الى ف قط اجع ل ام نيت ك بين ك وبين الله أخب ره ب كل ش يء ب ألم ك وب احتي اج ك ل ه وب كس ور قلب ك وح زن ك وضعفك وق لة حيلت ك ولجوئ ك إليه وحده لأنه الله رب العالمين,POSITIVE,0.838262140750885
الافضل في كل زمان ومكان والله,POSITIVE,0.9998161196708679
الدوووووون عالمي الي ما لا نهايه ,NEGATIVE,0.993949294090271
نعم صحيح انت عالمي و انت افضل لاعب في التاريخ,POSITIVE,0.9998810291290283
سلاما على من مر صدفة فــ صلي علي النبي ﷺ فزادني حسنة و زادت حسناته ,POSITIVE,0.9996960163116455
تي انت من جد جدك في الكورة ,POSITIVE,0.9950805902481079
أن الله يسوق لك أحدا من أقصى الأرض فيجمع بينكما من غير سابق معرفة ولا ميعاد ثم يقضي حاجتك على يديه وأنت الذي لو طفت الأرض كلها شرقا وغربا ما كنت تدري بمن ت نز ل حاجتك ولكن ها ألطاف الله ي دب ر أمرك من حيث لا تشعر فاطمئن دائما لأقدار الل طيف الخبير وتوك ل عليه ,POSITIVE,0.9985964894294739
يمعود خز يتنه اكو احد يحمد نفسه,NEGATIVE,0.9991752505302429
لكل من يضع قلبا ويتابعنا رزقكم الله زيارة بيته الحرام ومن تحبون ,POSITIVE,0.9994144439697266
كريستيانو بيرد علي إشاعات انفصالهم ,POSITIVE,0.9891406297683716
برضه هتفضل فتي أحلامنا,POSITIVE,0.9997367262840271
Very impressive pratice make perfect and never give up CR7 38 I love you so much,POSITIVE,0.999777615070343
Best of Luck ,POSITIVE,0.9996968507766724
Beautiful couple Love and hugs ,POSITIVE,0.9998776912689209
The most determined and disciplined player in history You earn every respect and reward for having contributed immensely to the game making the younger players of this generation have total enthusiasm and determination in the game coupled with hard work and resilience You are simply the most influential player that has ever played the game Despite your haters envy and jealousy you still stand tall and are motivated always to conquer your world More Respect King CR7,POSITIVE,0.9998470544815063
You are my role model and the only star that I have always loved No matter where you go I will always follow you you are phenomenal you are a legend you are simply the definition of football The greatest player of all time ,POSITIVE,0.999859094619751
The greatest player to ever play this game Goate Greatest of all time ever ,POSITIVE,0.9997616410255432
I used to think that Messi is a good player but after watching him being eliminated from champions league i knew I was wrong No one can dispute CR7 is the best player on earth,POSITIVE,0.999450147151947
disciplined player You work hard you achieved all the titles you were a great example for many players I wish you good luck I also hope that your heart will be open to people Thanks Chris,POSITIVE,0.9998370409011841
Good Luck the king of king ,POSITIVE,0.9998249411582947
I watch you match I see how best you are playing on pitch I am so happy watching you play You never finished keep up with the team work motivate your team more I love you all time my favorite,POSITIVE,0.9991807341575623
Milon gp ম লন গ র মপ ল শ Milon gp ম লন গ র মপ ল শ I like your play i am very impressed to see you You are my love in football ,POSITIVE,0.9998602867126465
حبيبي سمعته من بعض الاشخاص انك تريد الاعزال نهاية الموسم ليش يا رونالدو انحنا بنحبك وجودك داخل الملعب فقط يفرحنا ارجوك لا تعتزل ,POSITIVE,0.9927495718002319
النصر لو لعبو بيك بطولة ودية سوف تخسرها خسرت ثلاثة حتى الان,NEGATIVE,0.9995414018630981
الحقيقة الوحيدة التي نعرفها هو أن رونالدو أفضل لاعب في تاريخ ,POSITIVE,0.9994133710861206
مستواك فى النازل يا رونالدو فين أيام لما كنت بقول هاتريك رونالدو فى الاستورى,NEGATIVE,0.9991080164909363
Future King Cup winner ,POSITIVE,0.9991647005081177
الدوووون ,POSITIVE,0.5976119637489319
Very improving legend ,POSITIVE,0.9998109936714172
Parabéns princesinha que Jesus te abençoe por muitos e muitos anos ,POSITIVE,0.9997754693031311
Happy birthday to the princess ,POSITIVE,0.9998708963394165
Muitos parabéns à princesa seja abencoada por Deus todos os dias ,POSITIVE,0.9997859597206116
Parabéns e felicidades ,POSITIVE,0.9998477697372437
Parabéns Deus te abençoe e ilumine seu caminho,POSITIVE,0.9998502731323242
Filha de King é Kingzinha Parabéns nossa Princesa Receba um forte abraço apartir de Angola ,POSITIVE,0.9996148347854614
Parabéns um dia muito feliz ,POSITIVE,0.999866247177124
Parabéns e muitas felicidades e que Deus te abençoe e ilumine sempre Beijinhos ,POSITIVE,0.9998599290847778
Mưa tập xong nhớ lau người nha Em ,NEGATIVE,0.9878845810890198
You are super amazing best of the best in the whole world I m start following Al Nasr just for you wishing you always the best ,POSITIVE,0.9998751878738403
افضل من يتدرب في التاريخ ,POSITIVE,0.9998407363891602
Fils tu es vraiment le meilleur joueur au monde devant Benzema mbappe Neymar mais Messi est fort que toi,POSITIVE,0.9997791647911072
Very impressive Cr7 ,POSITIVE,0.9998409748077393
Very impressive a great player a great personality a real leader and all great etc ,POSITIVE,0.9998793601989746
light work for the ,POSITIVE,0.9993502497673035
Still the best player in the world ,POSITIVE,0.9998588562011719
They said he went to the league that no one will see so they came with their cameras and flags running and cheering to watch his first training with Al Nassr Ronaldo is the best player in history Everyone who agrees with me puts a heart and follows us thank you ,POSITIVE,0.9998239874839783
You are always best and legend all time Love you respect you a lot ,POSITIVE,0.9998764991760254
You are greatest of all the We are always waiting for your success You are a wonderful man You are an inspiration for all footballers and every human Vamos CR7 ,POSITIVE,0.9998706579208374
Always creative I think you have exceeded the legend stage and has become a higher degree I love you star ,POSITIVE,0.9998760223388672
My prayers and best wishes for you is to excel beyond records You are the greatest Pastor Cr7,POSITIVE,0.9997702240943909
Big Congratulations Idol You re always the best so proud of you Keep up the good work ,POSITIVE,0.9998747110366821
So wonderful to see you happy with a team that loves and respects you ,POSITIVE,0.9998757839202881
Congratulations very proud ,POSITIVE,0.999854564666748
He has great close control and his technique is excellent He believes he can do anything with the ball and that confidence makes him very special indeed The King of football ,POSITIVE,0.9998559951782227
Incredible Movie From the beginning of the story to the end of this film is very exciting and very Perfect I love this film ,POSITIVE,0.99988853931427
Ronaldo You are the father of inspiration in the world of football and beyond You are a result of hard work and passionate dedication to any assignment You came and conquered and still building a tower to be emulated by generations Personally I love your zeal and resilience You deserve the Titles KING GOAT at the same time May God give you the energy to entertain us and mentor young generations ,POSITIVE,0.9998446702957153
So amazing the hardworking man You always remain the best You are a Band of World s,POSITIVE,0.9998717308044434
If Cristiano is happy I m happy ,POSITIVE,0.9986242055892944
جلاد كتلونيا نورت ,NEGATIVE,0.9529615640640259
Very impressive Goal,POSITIVE,0.9998546838760376
رغم كل الظروف الصعبة إلا أنني لم افقد الامل في ايجاد حقيبة مليئة بالنقود يآ كريستيانو ,POSITIVE,0.9955867528915405
The just can t stop scoring ,POSITIVE,0.9935278296470642
Foi um belo jogo força Portugal Pley of the Mach Ronaldo ,POSITIVE,0.9998579025268555
Mantenha esse espirito Não reclames por ser substituido já não tens idade para aguentar os 90 em alta intensidade Obrigado cristiano ,POSITIVE,0.998305082321167
É muito difícil ser teu Hater tás sempre a provar que estão errados Lindo Máquina GOAT ,NEGATIVE,0.9931867122650146
História que Fizeste história por fazer por que ninguém resiste tua vontade de vencer ELE VENCE VENCE E VENCE VIVA RONALDO,POSITIVE,0.9998158812522888
Ainda temos muito Sou angolano mas ainda assim amo VC CR7 por tudo que já nos fez passar FORÇA sempre,POSITIVE,0.9996844530105591
Orgulho em te ter por perto Parabéns para toda a equipa ,POSITIVE,0.9998675584793091
Viva Cr7 ,POSITIVE,0.984522819519043
Parabéns foi um ótimo jogo Força Somos todos CR7 Siuuuu ,POSITIVE,0.9996730089187622
Cristiano Ronaldo não perde qualidade nunca na vida você é o melhor para todos ídolo inspiração prazer ,POSITIVE,0.9998636245727539
Very very fragrance you are the best,POSITIVE,0.9998784065246582
العطر الاجمل في التاريخ ,POSITIVE,0.9998723268508911
انا شايف انك تسيبك ياعم من الكورة وخليك في البوكسرات والبرفيوم هتعمل فيهم شغل حلو,POSITIVE,0.9997521042823792
حتى البوكسرات بتعمل بيزنس فيها ماشاء الله,POSITIVE,0.9845081567764282
استر نفسك يا واد بصوت عبله كامل ,NEGATIVE,0.9611365795135498
اقرأ على نفسك المعو ذات يوميا لا تزعل قلبك الجميل فكل شيء مكتوب من رب رحيم حافظ على نفسك أينما كنت وابتسم دوما وكن بخير ,POSITIVE,0.9996918439865112
وہ کون تھا جس نے پوری دنیا کو بتایا کہ محمد صلی اللہ علیہ وسلم ہمارے دل میں رہتے ہیں ,POSITIVE,0.5027094483375549
You re the best even the under wear is the greatest boxers of all time,POSITIVE,0.999817430973053
هدف ميسى العالمى فى الاستورى ميسى رونالدو ,POSITIVE,0.9978321194648743
نورت يا عسل ,POSITIVE,0.9998171925544739
Very impressive with you Ronaldo king,POSITIVE,0.9998714923858643
Legend in every language is spelled CR7,NEGATIVE,0.9136192202568054
Aybandla,POSITIVE,0.9985526204109192
Parabéns moçoilo Madeirense nosso Capitão CR7 nosso Cristiano Ronaldo Tem de ser mesmo esse o sentimento Eu também gostei de ver os Portugueses a aplaudirem e a dar Força O lema é I WANT I CAN Saúde e muitas felicidades ,POSITIVE,0.999809205532074
Siiiiiiiiiiiiiiiuuu Assim é que lhes tiras o Piiiiiiiiiiiiiiiuuu Força Capitão Sempre e para sempre no nosso coração ,POSITIVE,0.9992019534111023
خاف علي نفسك يا رونالدو ,POSITIVE,0.8892527222633362
Obrigado Cristiano Você é um grande jogador Tudo que você apresentou ao mundo é tão bonito quanto você e é muito difícil um jogador vir com a sua força moral e beleza ,POSITIVE,0.9993001222610474
Mt bom Parabéns à seleção e a ti Ronaldo porque estiveste mt bem e sei que vais fazer mt mais porque tens sido uma motivação para todos os jovens não só no futebol mas em todas as áreas Acredito que vais terminar a tua carreira em grande e trazendo mta alegria aos portugueses ,POSITIVE,0.999859094619751
LEGEND ,POSITIVE,0.9990383386611938
PARABÉNS Cristiano ninguém separa o que Deus uniu e Deus uniu o Cr7 ao futebol PARABÉNS MIÚDO que orgulho ,POSITIVE,0.9986631870269775
O que mais ama Portugal que desde que se estreou até hoje continua a dar a alma pela seleção O mais completo de todos os tempos Nunca vi em toda minha vida um jogador melhor que o Cristiano Ronaldo em toda minha vida Merece todo o respeito e toda homenagem de todos os portugueses em especial O capitão o mais Patriota o único que tentam lhe derrubar todos os anos mais ninguém consegue porque nem ele nem Deus permitem Maior inspiração para todo ser humano que quer vencer na vida Principalmente os atletas jovens ETERNAMENTE MELHOR JOGADOR DE TODOS OS TEMPOS ,POSITIVE,0.9973158240318298
